reg_no,name
2403713810422061,KAVIKSHA N V
2403713810422062,KAVIYA K
2403713810422063,KAVIYA M
2403713810422064,KAVIYA M
2403713810421066,KEETHAPRIYAN M R
2403713810421067,KEVIN JEFFREY J
2403713810422068,KIRUTHIKA V
2403713810421069,KOFI ANAND N
2403713810421070,KRISHNAKANTH J
2403713810421071,KRUTHIVARMA S
2403713810422072,KSHAMYA REDDY S K
2403713810421073,KUMARAN R
2403713810422074,LAUREN IMMACULATE G
2403713810421075,LINGARAJ R
2403713810421076,LITHESH U
2403713810421077,LOKESH M
2403713810421078,MADHAN S
2403713810422079,MADHUMITHA G S
2403713810422080,MADHURITHA T
2403713810422081,MAKESH P
2403713810421082,MANIKANDAN B
2403713810422083,MANORANJANI R
2403713810421084,MATHI PRAKASH C N
2403713810422085,MAYAKAVIYARASI P
2403713810422086,MAYUKHA J
2403713810421087,MIRJESH A
2403713810421088,MOHAMED NADHEEM M
2403713810421089,MOHAN M
2403713810422090,MONASHRI P
2403713810422091,MOUNIKA K
2403713810422092,MUTHUMEENA S
2403713810422093,MUTHUSELVI M
2403713810421094,NAKUL MURRARI M
2403713810422095,NANDHINI G
2403713810422096,NANDHINI K
2403713810421097,NANDHIS S S
2403713810421098,NAVEEN N
2403713810421099,NAVEEN PRASANTH K
2403713810421100,NAVINATH S V
2403713810421101,NIDHUN S S
2403713810422102,NIRUPATHUNGA M
2403713810422103,NITHYASREE MURUGESAN
2403713810422104,OVIYA J
2403713810421105,PANDEESHWARAN M
2403713810422106,PARVATHI S
2403713810421107,PAUL JEBAKUMAR J
2403713810421108,PAVAN SREERAM M
2403713810421109,POOVENDRA V
2403713810421110,PRANEETH S
2403713810421111,PRASANTH M
2403713810422112,PRINCY CATHERINE S
2403713810421113,PRIYAN M
2403713810422114,RAJASHREE R
2403713810422115,RAMYA D
2403713810421116,RANJITH S
2403713810422117,ROSELIN BLESSY S
2403713810421118,ROSHAN KUMAR V V
2403713810421119,RUBAN T
2403713810421120,SABAPATHY S S
2403713810422302,ATCHAYA M
2403713810422303,DIVYA S
2403713810421306,SUDALAI MUTHU P
2403713810421307,UDAYA GANESH R
